{
  "model_name": "RandomForest",
  "is_tuned": true,
  "test_metrics": {
    "accuracy": 0.8211382113821138,
    "precision": 0.8315789473684211,
    "recall": 0.9294117647058824,
    "f1_score": 0.8777777777777778,
    "roc_auc": 0.8111455108359132,
    "average_precision": 0.8898054472700119,
    "brier_score": 0.14921570101467904,
    "log_loss": 0.4709296022167734
  },
  "cv_metrics": {
    "cv_mean": 0.8679377105658727,
    "cv_std": 0.03490628515981798,
    "cv_min": 0.8,
    "cv_max": 0.9166666666666666,
    "cv_scores": [
      0.868421052631579,
      0.9041095890410958,
      0.8571428571428571,
      0.88,
      0.8985507246376812,
      0.8421052631578947,
      0.8266666666666667,
      0.8857142857142857,
      0.9166666666666666,
      0.8
    ]
  },
  "training_time": 1.7455551624298096
}